[{
  "_id": {
    "$oid": "60f83713aadc6e43e857fc9a"
  },
  "status": "applied",
  "userId": {
    "$oid": "60f82ca4f9b870693c5cee57"
  },
  "recruiterId": {
    "$oid": "60f82d44f9b870693c5cee68"
  },
  "jobId": {
    "$oid": "60f836d6aadc6e43e857fc85"
  },
  "__v": 0
},{
  "_id": {
    "$oid": "60f84fdedd218c0041d54d5e"
  },
  "status": "applied",
  "userId": {
    "$oid": "60f82ca4f9b870693c5cee57"
  },
  "recruiterId": {
    "$oid": "60f82d44f9b870693c5cee68"
  },
  "jobId": {
    "$oid": "60f836bcaadc6e43e857fc82"
  },
  "__v": 0
},{
  "_id": {
    "$oid": "60f85086dd218c0041d54d89"
  },
  "status": "applied",
  "userId": {
    "$oid": "60f82ca4f9b870693c5cee57"
  },
  "recruiterId": {
    "$oid": "60f82d44f9b870693c5cee68"
  },
  "jobId": {
    "$oid": "60f85010dd218c0041d54d70"
  },
  "__v": 0
}]