[{
  "_id": {
    "$oid": "60f836bcaadc6e43e857fc82"
  },
  "userId": {
    "$oid": "60f82d44f9b870693c5cee68"
  },
  "title": "Software Developer",
  "salary": 1400000,
  "jobType": "Full Time",
  "description": "This a sf dev job",
  "__v": 0
},{
  "_id": {
    "$oid": "60f836d6aadc6e43e857fc85"
  },
  "userId": {
    "$oid": "60f82d44f9b870693c5cee68"
  },
  "title": "Full Stack ",
  "salary": 1400000,
  "jobType": "Full Time",
  "description": "This a f s job",
  "__v": 0
},{
  "_id": {
    "$oid": "60f85010dd218c0041d54d70"
  },
  "userId": {
    "$oid": "60f82d44f9b870693c5cee68"
  },
  "title": "Data Science",
  "salary": 120000,
  "jobType": "Full Time",
  "description": "This is data",
  "__v": 0
},{
  "_id": {
    "$oid": "60f8586add218c0041d54da6"
  },
  "userId": {
    "$oid": "60f82d44f9b870693c5cee68"
  },
  "title": "ML",
  "salary": 300000,
  "jobType": "Full Time",
  "description": "This is ML",
  "__v": 0
},{
  "_id": {
    "$oid": "60f85884dd218c0041d54da9"
  },
  "userId": {
    "$oid": "60f82d44f9b870693c5cee68"
  },
  "title": "Network Engineer",
  "salary": 10000,
  "jobType": "Full Time",
  "description": "This is Network Engineer",
  "__v": 0
},{
  "_id": {
    "$oid": "60f858b2dd218c0041d54db3"
  },
  "userId": {
    "$oid": "60f82f3b8c1fd53128df14fd"
  },
  "title": "Content Writer",
  "salary": 120000,
  "jobType": "Full Time",
  "description": "This is Content Writer",
  "__v": 0
},{
  "_id": {
    "$oid": "60f858e3dd218c0041d54dbb"
  },
  "userId": {
    "$oid": "60f8301c78823973944e3f54"
  },
  "title": "Technical Lead",
  "salary": 500000,
  "jobType": "Full Time",
  "description": "This is Technical Lead",
  "__v": 0
}]