[{
  "_id": {
    "$oid": "60f82ca4f9b870693c5cee57"
  },
  "email": "applicant@g.com",
  "password": "$2b$10$oYZjB1eZdWC9u/7jWee/q.oOtw6q4rq5sgP2QlREIHwmquep5R1MO",
  "type": "applicant",
  "__v": 0
},{
  "_id": {
    "$oid": "60f82d44f9b870693c5cee68"
  },
  "email": "recruiter@g.com",
  "password": "$2b$10$N15.uhgLzedSE89bykdBpeBdR7G6gPgfl8.iEr/E9PzB3PL0rUQVC",
  "type": "recruiter",
  "__v": 0
},{
  "_id": {
    "$oid": "60f82e89f9b870693c5cee86"
  },
  "email": "applicant2@g.com",
  "password": "$2b$10$.tQ/.2BkAj3e8WBASJc0AewnTwB7jKN72Je1b4AOjs0m378gryjTy",
  "type": "applicant",
  "__v": 0
},{
  "_id": {
    "$oid": "60f82f3b8c1fd53128df14fd"
  },
  "email": "recruiter2@g.com",
  "password": "$2b$10$x9IuFkA1BQVhpP/Tg0V9LeP9jTvDu4Im6853A.kM3EpuQGgHApeAm",
  "type": "recruiter",
  "__v": 0
},{
  "_id": {
    "$oid": "60f82f758c1fd53128df1501"
  },
  "email": "applicant3@g.com",
  "password": "$2b$10$jJigadVbDulVMHRz4k6YZOrUVJfvcguJo2JbB9rO3mF2akc6hFG7W",
  "type": "applicant",
  "__v": 0
},{
  "_id": {
    "$oid": "60f8301c78823973944e3f54"
  },
  "email": "recruiter3@g.com",
  "password": "$2b$10$9Lclc6vqQvWlYTEZyVYwLeYh9KLni5COEZXWN9irXIt1GYxTk21Ku",
  "type": "recruiter",
  "__v": 0
}]